Network Models,0:NaN:NaN
Cabling and Topology,0:18:52
Ethernet Basics,0:17:38
Modern Ethernet,0:22:11
Installing a Physical Network,0:50:57
TCP/IP Basics,0:86:29
Routing,0:81:28
TCP/IP Applications,0:76:15
Network Naming,0:65:25
Securing TCP/IP,0:38:51
Advanced Networking Devices,0:64:24
IPv6,0:21:24
Remote Connectivity,0:50:6
Wireless Networking,0:84:48
Virtualization and Cloud Computing,0:40:25
Building a Real-World Network,0:33:55
Managing Risk,0:29:33
Protecting Your Network,0:52:37
Network Monitoring,0:24:23
Network Troubleshooting,0:15:40
